{
  "_class": "sharedStyle",
  "do_objectID": "826D1144-BD30-43F5-96D2-1B7CF9ADC625",
  "name": "Fill / 3",
  "value": {
    "_class": "style",
    "borders": [
      {
        "_class": "border",
        "color": {
          "_class": "color",
          "alpha": 1,
          "blue": 0.592,
          "green": 0.592,
          "red": 0.592
        },
        "fillType": 0,
        "isEnabled": false,
        "position": 1,
        "thickness": 1
      }
    ],
    "endMarkerType": 0,
    "fills": [
      {
        "_class": "fill",
        "color": {
          "_class": "color",
          "alpha": 1,
<<<<<<< HEAD
<<<<<<< HEAD
          "blue": 0.3058823529411767,
          "green": 0.1372549019607842,
          "red": 0.8862745098039215
=======
          "blue": 0.1725490196078432,
          "green": 0.5294117647058824,
          "red": 0.9254901960784314
>>>>>>> parent of 53996f2... 11/5 - 01
=======
          "blue": 0.1725490196078432,
          "green": 0.5294117647058824,
          "red": 0.9254901960784314
>>>>>>> 7cf11686c0a7f6e651e0d026feaf52e4178c9152
        },
        "fillType": 0,
        "isEnabled": true,
        "noiseIndex": 0,
        "noiseIntensity": 0,
        "patternFillType": 1,
        "patternTileScale": 1
      }
    ],
    "miterLimit": 10,
    "startMarkerType": 0,
    "windingRule": 0
  }
}